{
	"id": "c8b3d9b9-6b6f-45ec-8a30-3b408a1d194a",
	"name": "AssessmentTesting",
	"values": [
		{
			"key": "testenvironmentserver",
			"value": "https://uibank-api.azurewebsites.net",
			"type": "default",
			"enabled": true
		},
		{
			"key": "testuserId",
			"value": "620f1e098932d4005f2a8879",
			"type": "default",
			"enabled": true
		},
		{
			"key": "",
			"value": "",
			"type": "any",
			"enabled": false
		},
		{
			"key": "variable_key",
			"value": "",
			"type": "any",
			"enabled": true
		}
	],
	"_postman_variable_scope": "environment",
	"_postman_exported_at": "2022-02-18T06:48:02.753Z",
	"_postman_exported_using": "Postman/9.13.2"
}